account_no,customer_id,account_type,balance,branch,ifsc,status
100020003001,CUST1001,SALARY,195324.73,Deccan Gymkhana Branch,KNTF0001006,ACTIVE
100020003002,CUST1002,SAVINGS,43565.42,Connaught Place Branch,KNTF0001003,ACTIVE
100020003003,CUST1003,SALARY,123987.12,Salt Lake Branch,KNTF0001007,ACTIVE
100020003004,CUST1003,CURRENT,127395.26,Koramangala Branch,KNTF0001005,ACTIVE
100020003005,CUST1004,SAVINGS,171163.38,Koramangala Branch,KNTF0001005,ACTIVE
100020003006,CUST1005,SALARY,59027.02,MG Road Branch,KNTF0001001,CLOSED
100020003007,CUST1006,CURRENT,474028.94,Koramangala Branch,KNTF0001005,ACTIVE
100020003008,CUST1007,SALARY,6893.83,Andheri West Branch,KNTF0001002,ACTIVE
100020003009,CUST1007,CURRENT,86363.21,Connaught Place Branch,KNTF0001003,ACTIVE
100020003010,CUST1008,SALARY,102282.44,Andheri West Branch,KNTF0001002,ACTIVE
100020003011,CUST1009,FD,869004.51,Andheri West Branch,KNTF0001002,ACTIVE
100020003012,CUST1010,FD,159414.7,Koramangala Branch,KNTF0001005,ACTIVE
100020003013,CUST1011,FD,133723.39,Deccan Gymkhana Branch,KNTF0001006,ACTIVE
100020003014,CUST1012,FD,425978.36,Andheri West Branch,KNTF0001002,ACTIVE
100020003015,CUST1013,SALARY,23712.95,Connaught Place Branch,KNTF0001003,ACTIVE
100020003016,CUST1014,CURRENT,191772.37,Deccan Gymkhana Branch,KNTF0001006,CLOSED
100020003017,CUST1015,CURRENT,94561.0,Andheri West Branch,KNTF0001002,ACTIVE
100020003018,CUST1015,SAVINGS,191252.75,Connaught Place Branch,KNTF0001003,ACTIVE
100020003019,CUST1016,FD,766723.53,C G Road Branch,KNTF0001008,ACTIVE
100020003020,CUST1017,SALARY,41984.56,Deccan Gymkhana Branch,KNTF0001006,ACTIVE
100020003021,CUST1018,SALARY,149897.84,Koramangala Branch,KNTF0001005,ACTIVE
100020003022,CUST1019,FD,85726.88,C G Road Branch,KNTF0001008,ACTIVE
100020003023,CUST1020,SAVINGS,118364.36,Salt Lake Branch,KNTF0001007,ACTIVE
100020003024,CUST1021,SAVINGS,83774.06,Gachibowli Branch,KNTF0001004,ACTIVE
100020003025,CUST1021,CURRENT,479918.12,Connaught Place Branch,KNTF0001003,ACTIVE
100020003026,CUST1022,SALARY,128614.51,Andheri West Branch,KNTF0001002,ACTIVE
100020003027,CUST1022,FD,722240.62,Gachibowli Branch,KNTF0001004,CLOSED
100020003028,CUST1023,CURRENT,202104.69,Deccan Gymkhana Branch,KNTF0001006,ACTIVE
100020003029,CUST1024,SALARY,198360.6,MG Road Branch,KNTF0001001,ACTIVE
100020003030,CUST1025,SAVINGS,74616.01,Salt Lake Branch,KNTF0001007,ACTIVE
100020003031,CUST1026,CURRENT,301801.27,Andheri West Branch,KNTF0001002,ACTIVE
100020003032,CUST1026,FD,344720.15,Deccan Gymkhana Branch,KNTF0001006,ACTIVE
100020003033,CUST1027,CURRENT,172051.4,Andheri West Branch,KNTF0001002,ACTIVE
100020003034,CUST1027,SALARY,204230.27,Deccan Gymkhana Branch,KNTF0001006,ACTIVE
100020003035,CUST1028,SAVINGS,129579.68,Salt Lake Branch,KNTF0001007,ACTIVE
100020003036,CUST1028,SALARY,49164.42,Koramangala Branch,KNTF0001005,ACTIVE
100020003037,CUST1029,FD,197197.91,Connaught Place Branch,KNTF0001003,ACTIVE
100020003038,CUST1029,SAVINGS,129383.98,Andheri West Branch,KNTF0001002,ACTIVE
100020003039,CUST1029,SALARY,167172.66,MG Road Branch,KNTF0001001,DORMANT
100020003040,CUST1030,FD,221803.67,Connaught Place Branch,KNTF0001003,ACTIVE
100020003041,CUST1030,SAVINGS,181689.83,Connaught Place Branch,KNTF0001003,ACTIVE
100020003042,CUST1031,CURRENT,315032.83,C G Road Branch,KNTF0001008,ACTIVE
100020003043,CUST1032,CURRENT,171997.25,Gachibowli Branch,KNTF0001004,ACTIVE
100020003044,CUST1032,SALARY,226473.71,C G Road Branch,KNTF0001008,ACTIVE
100020003045,CUST1033,FD,789217.84,Koramangala Branch,KNTF0001005,ACTIVE
100020003046,CUST1033,CURRENT,483977.37,Salt Lake Branch,KNTF0001007,ACTIVE
100020003047,CUST1034,CURRENT,329560.04,MG Road Branch,KNTF0001001,DORMANT
100020003048,CUST1034,FD,725830.93,Andheri West Branch,KNTF0001002,ACTIVE
100020003049,CUST1035,SAVINGS,71833.87,Connaught Place Branch,KNTF0001003,DORMANT
100020003050,CUST1036,FD,949092.6,Andheri West Branch,KNTF0001002,ACTIVE
100020003051,CUST1037,SALARY,106649.74,MG Road Branch,KNTF0001001,ACTIVE
100020003052,CUST1038,FD,406167.04,Andheri West Branch,KNTF0001002,ACTIVE
100020003053,CUST1039,SALARY,75285.45,MG Road Branch,KNTF0001001,ACTIVE
100020003054,CUST1039,SAVINGS,190916.08,Connaught Place Branch,KNTF0001003,ACTIVE
100020003055,CUST1039,FD,910564.61,MG Road Branch,KNTF0001001,ACTIVE
100020003056,CUST1040,CURRENT,77813.76,Salt Lake Branch,KNTF0001007,ACTIVE
100020003057,CUST1041,SAVINGS,107857.26,Gachibowli Branch,KNTF0001004,ACTIVE
100020003058,CUST1042,SAVINGS,151201.07,C G Road Branch,KNTF0001008,ACTIVE
100020003059,CUST1043,CURRENT,163354.19,Connaught Place Branch,KNTF0001003,ACTIVE
100020003060,CUST1044,FD,681152.74,Connaught Place Branch,KNTF0001003,ACTIVE
100020003061,CUST1045,SAVINGS,218966.2,Salt Lake Branch,KNTF0001007,ACTIVE
100020003062,CUST1045,SALARY,245354.66,Salt Lake Branch,KNTF0001007,ACTIVE
100020003063,CUST1045,FD,389239.18,MG Road Branch,KNTF0001001,ACTIVE
100020003064,CUST1046,SAVINGS,37685.35,Deccan Gymkhana Branch,KNTF0001006,ACTIVE
100020003065,CUST1047,CURRENT,490889.11,C G Road Branch,KNTF0001008,ACTIVE
100020003066,CUST1048,CURRENT,365121.4,Andheri West Branch,KNTF0001002,DORMANT
100020003067,CUST1049,CURRENT,400776.88,MG Road Branch,KNTF0001001,DORMANT
100020003068,CUST1050,SALARY,247335.06,Salt Lake Branch,KNTF0001007,ACTIVE
100020003069,CUST1051,CURRENT,194562.73,Koramangala Branch,KNTF0001005,ACTIVE
100020003070,CUST1052,SALARY,200838.89,Andheri West Branch,KNTF0001002,ACTIVE
100020003071,CUST1052,CURRENT,378071.16,Salt Lake Branch,KNTF0001007,DORMANT
100020003072,CUST1053,CURRENT,353732.53,C G Road Branch,KNTF0001008,ACTIVE
100020003073,CUST1054,SALARY,24337.12,Salt Lake Branch,KNTF0001007,ACTIVE
100020003074,CUST1054,SAVINGS,138641.23,Connaught Place Branch,KNTF0001003,ACTIVE
100020003075,CUST1055,SALARY,114249.36,Koramangala Branch,KNTF0001005,ACTIVE
100020003076,CUST1056,FD,474773.18,Deccan Gymkhana Branch,KNTF0001006,ACTIVE
100020003077,CUST1057,FD,687624.69,Andheri West Branch,KNTF0001002,ACTIVE
100020003078,CUST1057,CURRENT,477574.96,Connaught Place Branch,KNTF0001003,ACTIVE
100020003079,CUST1057,SAVINGS,13525.75,C G Road Branch,KNTF0001008,ACTIVE
100020003080,CUST1058,SALARY,237619.44,Salt Lake Branch,KNTF0001007,ACTIVE
100020003081,CUST1058,CURRENT,347554.48,Connaught Place Branch,KNTF0001003,DORMANT
100020003082,CUST1059,SAVINGS,134717.67,Connaught Place Branch,KNTF0001003,ACTIVE
100020003083,CUST1060,CURRENT,374445.56,MG Road Branch,KNTF0001001,ACTIVE
100020003084,CUST1060,SAVINGS,228817.91,Salt Lake Branch,KNTF0001007,ACTIVE
100020003085,CUST1061,FD,709281.61,Koramangala Branch,KNTF0001005,CLOSED
100020003086,CUST1061,SAVINGS,35046.17,Gachibowli Branch,KNTF0001004,DORMANT
100020003087,CUST1062,FD,819987.56,Andheri West Branch,KNTF0001002,CLOSED
100020003088,CUST1063,SALARY,223376.26,Koramangala Branch,KNTF0001005,DORMANT
100020003089,CUST1063,FD,804011.56,Connaught Place Branch,KNTF0001003,ACTIVE
100020003090,CUST1063,SAVINGS,246357.47,Andheri West Branch,KNTF0001002,ACTIVE
100020003091,CUST1064,FD,392851.7,MG Road Branch,KNTF0001001,ACTIVE
100020003092,CUST1065,CURRENT,56230.35,Andheri West Branch,KNTF0001002,ACTIVE
100020003093,CUST1066,FD,780706.32,Salt Lake Branch,KNTF0001007,ACTIVE
100020003094,CUST1066,SALARY,35705.06,Andheri West Branch,KNTF0001002,ACTIVE
100020003095,CUST1067,FD,171917.88,Deccan Gymkhana Branch,KNTF0001006,ACTIVE
100020003096,CUST1068,CURRENT,230493.69,Connaught Place Branch,KNTF0001003,DORMANT
100020003097,CUST1069,SAVINGS,79510.51,Connaught Place Branch,KNTF0001003,ACTIVE
100020003098,CUST1070,CURRENT,144037.52,Andheri West Branch,KNTF0001002,ACTIVE
100020003099,CUST1070,FD,168911.78,Koramangala Branch,KNTF0001005,ACTIVE
100020003100,CUST1070,SALARY,128130.42,Andheri West Branch,KNTF0001002,ACTIVE
100020003101,CUST1071,CURRENT,416987.23,MG Road Branch,KNTF0001001,ACTIVE
100020003102,CUST1071,SAVINGS,237393.98,MG Road Branch,KNTF0001001,ACTIVE
100020003103,CUST1071,FD,668573.48,Koramangala Branch,KNTF0001005,ACTIVE
100020003104,CUST1072,SAVINGS,222804.24,C G Road Branch,KNTF0001008,ACTIVE
100020003105,CUST1073,SALARY,202148.6,Gachibowli Branch,KNTF0001004,ACTIVE
100020003106,CUST1073,CURRENT,240433.46,Koramangala Branch,KNTF0001005,ACTIVE
100020003107,CUST1074,FD,491220.05,C G Road Branch,KNTF0001008,ACTIVE
100020003108,CUST1075,SALARY,243966.66,Deccan Gymkhana Branch,KNTF0001006,ACTIVE
100020003109,CUST1076,SAVINGS,64225.78,Deccan Gymkhana Branch,KNTF0001006,ACTIVE
100020003110,CUST1077,CURRENT,49037.51,Andheri West Branch,KNTF0001002,DORMANT
100020003111,CUST1078,FD,822803.95,Connaught Place Branch,KNTF0001003,DORMANT
100020003112,CUST1078,SAVINGS,51509.35,Deccan Gymkhana Branch,KNTF0001006,ACTIVE
100020003113,CUST1079,FD,72017.48,C G Road Branch,KNTF0001008,DORMANT
100020003114,CUST1079,CURRENT,484176.15,C G Road Branch,KNTF0001008,ACTIVE
100020003115,CUST1079,SALARY,16921.24,Deccan Gymkhana Branch,KNTF0001006,ACTIVE
100020003116,CUST1080,FD,559856.21,Koramangala Branch,KNTF0001005,ACTIVE
100020003117,CUST1081,SALARY,192144.91,Deccan Gymkhana Branch,KNTF0001006,ACTIVE
100020003118,CUST1082,CURRENT,287780.89,Deccan Gymkhana Branch,KNTF0001006,ACTIVE
100020003119,CUST1083,SALARY,36522.53,Andheri West Branch,KNTF0001002,ACTIVE
100020003120,CUST1084,SALARY,189966.47,Deccan Gymkhana Branch,KNTF0001006,ACTIVE
100020003121,CUST1085,SAVINGS,14533.92,MG Road Branch,KNTF0001001,ACTIVE
100020003122,CUST1086,FD,361567.56,Connaught Place Branch,KNTF0001003,ACTIVE
100020003123,CUST1086,SAVINGS,101273.87,Connaught Place Branch,KNTF0001003,ACTIVE
100020003124,CUST1087,SALARY,178641.25,C G Road Branch,KNTF0001008,ACTIVE
100020003125,CUST1087,FD,399939.92,MG Road Branch,KNTF0001001,ACTIVE
100020003126,CUST1088,SALARY,70054.96,C G Road Branch,KNTF0001008,ACTIVE
100020003127,CUST1088,FD,735330.11,Gachibowli Branch,KNTF0001004,ACTIVE
100020003128,CUST1088,SAVINGS,133436.92,Connaught Place Branch,KNTF0001003,ACTIVE
100020003129,CUST1089,FD,79991.99,Gachibowli Branch,KNTF0001004,DORMANT
100020003130,CUST1089,SAVINGS,51742.16,Andheri West Branch,KNTF0001002,ACTIVE
100020003131,CUST1090,FD,439858.54,Gachibowli Branch,KNTF0001004,ACTIVE
100020003132,CUST1091,SAVINGS,142417.26,Gachibowli Branch,KNTF0001004,CLOSED
100020003133,CUST1091,SALARY,133741.9,C G Road Branch,KNTF0001008,ACTIVE
100020003134,CUST1091,FD,486680.36,Connaught Place Branch,KNTF0001003,ACTIVE
100020003135,CUST1092,SALARY,52104.72,C G Road Branch,KNTF0001008,ACTIVE
100020003136,CUST1093,CURRENT,391307.78,Koramangala Branch,KNTF0001005,ACTIVE
100020003137,CUST1094,FD,381363.02,C G Road Branch,KNTF0001008,DORMANT
100020003138,CUST1094,CURRENT,161699.95,Koramangala Branch,KNTF0001005,ACTIVE
100020003139,CUST1095,FD,956878.42,Deccan Gymkhana Branch,KNTF0001006,ACTIVE
100020003140,CUST1096,SALARY,89859.06,Andheri West Branch,KNTF0001002,ACTIVE
100020003141,CUST1097,FD,241964.61,Gachibowli Branch,KNTF0001004,ACTIVE
100020003142,CUST1098,SALARY,64402.22,Gachibowli Branch,KNTF0001004,ACTIVE
100020003143,CUST1098,SAVINGS,161296.42,Gachibowli Branch,KNTF0001004,ACTIVE
100020003144,CUST1098,FD,363778.94,Salt Lake Branch,KNTF0001007,ACTIVE
100020003145,CUST1099,CURRENT,218281.04,Connaught Place Branch,KNTF0001003,DORMANT
100020003146,CUST1099,SAVINGS,121974.89,C G Road Branch,KNTF0001008,ACTIVE
100020003147,CUST1100,SALARY,164813.19,Andheri West Branch,KNTF0001002,ACTIVE
100020003148,CUST1100,CURRENT,458784.12,MG Road Branch,KNTF0001001,ACTIVE
100020003149,CUST1100,SAVINGS,233811.04,Connaught Place Branch,KNTF0001003,ACTIVE
100020003150,CUST1101,FD,882906.01,Koramangala Branch,KNTF0001005,ACTIVE
100020003151,CUST1101,SAVINGS,232471.44,Andheri West Branch,KNTF0001002,ACTIVE
100020003152,CUST1102,FD,858506.75,Connaught Place Branch,KNTF0001003,ACTIVE
100020003153,CUST1103,SAVINGS,44811.09,Deccan Gymkhana Branch,KNTF0001006,ACTIVE
100020003154,CUST1104,CURRENT,374893.5,MG Road Branch,KNTF0001001,ACTIVE
100020003155,CUST1105,CURRENT,315203.39,Connaught Place Branch,KNTF0001003,ACTIVE
100020003156,CUST1106,FD,132400.88,Deccan Gymkhana Branch,KNTF0001006,ACTIVE
100020003157,CUST1107,CURRENT,178710.79,C G Road Branch,KNTF0001008,ACTIVE
100020003158,CUST1108,CURRENT,383034.41,C G Road Branch,KNTF0001008,CLOSED
100020003159,CUST1109,SAVINGS,165152.42,Koramangala Branch,KNTF0001005,ACTIVE
100020003160,CUST1110,SAVINGS,80167.55,C G Road Branch,KNTF0001008,ACTIVE
