loan_id,customer_id,loan_type,principal,outstanding,emi,due_date,dpd,remaining_emis,status
LN7001,CUST1001,Business Loan,176000,134837.02,3631.83,2026-05-09,82,38,OVERDUE
LN7002,CUST1002,Auto Loan,1590000,767492.03,30843.81,2026-04-01,120,25,OVERDUE
LN7003,CUST1002,Auto Loan,670000,237604.12,12624.32,2026-05-06,85,19,OVERDUE
LN7004,CUST1003,Business Loan,184000,29154.19,3430.06,2026-03-24,128,9,OVERDUE
LN7005,CUST1003,Consumer Durable Loan,481000,0.0,9167.11,2026-08-20,0,0,CLOSED
LN7006,CUST1006,Business Loan,190000,78771.17,4609.56,2026-07-28,2,18,OVERDUE
LN7007,CUST1007,Auto Loan,1415000,0.0,21426.39,2026-08-03,0,0,CLOSED
LN7008,CUST1008,Auto Loan,715000,496646.19,16368.31,2026-05-03,88,31,OVERDUE
LN7009,CUST1009,Business Loan,360000,0.0,8423.92,2026-08-28,0,0,CLOSED
LN7010,CUST1014,Consumer Durable Loan,77000,0.0,1545.71,2026-08-09,0,0,CLOSED
LN7011,CUST1015,Consumer Durable Loan,307000,0.0,7584.24,2026-08-02,0,0,CLOSED
LN7012,CUST1016,Auto Loan,937000,260372.87,22828.44,2026-07-26,4,12,OVERDUE
LN7013,CUST1017,Gold Loan,118000,68014.77,2421.33,2026-08-17,0,29,ACTIVE
LN7014,CUST1022,Auto Loan,877000,599145.66,17340.77,2026-07-16,14,35,OVERDUE
LN7015,CUST1023,Home Loan,6820000,3306399.64,132437.45,2026-04-18,103,25,OVERDUE
LN7016,CUST1024,Auto Loan,1655000,907817.96,34452.36,2026-07-08,22,27,OVERDUE
LN7017,CUST1027,Business Loan,447000,303459.42,11140.3,2026-07-25,5,28,OVERDUE
LN7018,CUST1029,Auto Loan,1089000,555324.84,26696.13,2026-06-15,45,21,OVERDUE
LN7019,CUST1030,Home Loan,3810000,1913167.1,80997.62,2026-07-04,26,24,OVERDUE
LN7020,CUST1033,Business Loan,272000,74842.6,6148.39,2026-05-04,87,13,OVERDUE
LN7021,CUST1034,Gold Loan,205000,108037.68,3449.44,2026-07-09,21,32,OVERDUE
LN7022,CUST1034,Personal Loan,293000,146865.01,5332.65,2026-05-25,66,28,OVERDUE
LN7023,CUST1035,Business Loan,135000,34859.48,2236.12,2026-07-09,21,16,OVERDUE
LN7024,CUST1036,Auto Loan,1680000,635001.16,33876.63,2026-05-19,72,19,OVERDUE
LN7025,CUST1040,Gold Loan,474000,0.0,8867.55,2026-08-10,0,0,CLOSED
LN7026,CUST1040,Home Loan,4470000,1657219.66,80818.35,2026-05-24,67,21,OVERDUE
LN7027,CUST1041,Gold Loan,54000,0.0,1000.95,2026-08-26,0,0,CLOSED
LN7028,CUST1042,Home Loan,1660000,483971.62,35890.11,2026-02-04,176,14,OVERDUE
LN7029,CUST1043,Home Loan,5090000,1923916.13,104852.59,2026-05-22,69,19,OVERDUE
LN7030,CUST1045,Home Loan,2400000,629502.15,53348.38,2026-09-04,0,12,ACTIVE
LN7031,CUST1046,Personal Loan,741000,608962.84,16350.08,2026-08-29,0,38,ACTIVE
LN7032,CUST1046,Home Loan,6590000,1262128.5,102547.95,2026-05-08,83,13,OVERDUE
LN7033,CUST1047,Home Loan,2430000,1862825.41,38247.93,2026-09-02,0,49,ACTIVE
LN7034,CUST1051,Business Loan,71000,26943.75,1453.08,2026-02-02,178,19,OVERDUE
LN7035,CUST1052,Home Loan,7280000,5026625.24,114150.68,2026-02-07,173,45,OVERDUE
LN7036,CUST1056,Consumer Durable Loan,489000,183319.74,8448.37,2026-06-27,33,22,OVERDUE
LN7037,CUST1057,Consumer Durable Loan,161000,108410.19,2452.25,2026-05-11,80,45,OVERDUE
LN7038,CUST1058,Gold Loan,443000,230306.03,10689.51,2026-07-19,11,22,OVERDUE
LN7039,CUST1059,Personal Loan,579000,0.0,10578.74,2026-08-18,0,0,CLOSED
LN7040,CUST1060,Consumer Durable Loan,60000,32742.89,1484.54,2026-06-24,36,23,OVERDUE
LN7041,CUST1061,Business Loan,469000,0.0,9726.71,2026-08-15,0,0,CLOSED
LN7042,CUST1062,Personal Loan,767000,263698.77,14966.38,2026-05-13,78,18,OVERDUE
LN7043,CUST1062,Auto Loan,1764000,488930.84,36606.95,2026-07-18,12,14,OVERDUE
LN7044,CUST1063,Gold Loan,491000,271187.4,7396.2,2026-03-30,122,37,OVERDUE
LN7045,CUST1064,Home Loan,5080000,3804423.39,105886.33,2026-07-12,18,36,OVERDUE
LN7046,CUST1065,Consumer Durable Loan,130000,0.0,2696.77,2026-08-12,0,0,CLOSED
LN7047,CUST1068,Auto Loan,832000,183562.12,16918.07,2026-06-15,45,11,OVERDUE
LN7048,CUST1069,Home Loan,2080000,771129.58,35986.16,2026-03-13,139,22,OVERDUE
LN7049,CUST1070,Home Loan,3450000,0.0,59244.64,2026-08-12,0,0,CLOSED
LN7050,CUST1071,Gold Loan,90000,0.0,1687.6,2026-08-15,0,0,CLOSED
LN7051,CUST1071,Consumer Durable Loan,473000,196905.92,9208.42,2026-07-10,20,22,OVERDUE
LN7052,CUST1072,Business Loan,452000,374468.73,9070.3,2026-06-30,30,42,OVERDUE
LN7053,CUST1074,Personal Loan,563000,0.0,10462.74,2026-08-11,0,0,CLOSED
LN7054,CUST1075,Personal Loan,582000,191302.92,9381.8,2026-02-08,172,21,OVERDUE
LN7055,CUST1076,Gold Loan,235000,0.0,3760.16,2026-08-12,0,0,CLOSED
LN7056,CUST1079,Home Loan,3420000,0.0,54188.24,2026-08-21,0,0,CLOSED
LN7057,CUST1079,Gold Loan,484000,394903.54,8589.63,2026-07-18,12,46,OVERDUE
LN7058,CUST1081,Auto Loan,1584000,812648.1,25981.09,2026-02-18,162,32,OVERDUE
LN7059,CUST1081,Personal Loan,114000,33844.08,2553.43,2026-06-22,38,14,OVERDUE
LN7060,CUST1082,Auto Loan,1279000,1030111.86,31531.19,2026-07-04,26,33,OVERDUE
LN7061,CUST1085,Auto Loan,463000,168645.61,9840.2,2026-05-20,71,18,OVERDUE
LN7062,CUST1085,Home Loan,6720000,4692496.9,123082.31,2026-06-03,57,39,OVERDUE
LN7063,CUST1086,Gold Loan,49000,33503.83,1089.04,2026-07-02,28,31,OVERDUE
LN7064,CUST1086,Auto Loan,610000,474599.57,9711.96,2026-07-17,13,49,OVERDUE
LN7065,CUST1087,Gold Loan,474000,0.0,9197.57,2026-08-28,0,0,CLOSED
LN7066,CUST1088,Home Loan,5500000,4301099.36,89550.92,2026-06-28,32,49,OVERDUE
LN7067,CUST1089,Consumer Durable Loan,401000,198479.44,9347.67,2026-04-01,120,22,OVERDUE
LN7068,CUST1089,Auto Loan,664000,159934.58,16216.8,2026-06-03,57,10,OVERDUE
LN7069,CUST1093,Auto Loan,874000,577732.52,15741.69,2026-07-14,16,37,OVERDUE
LN7070,CUST1096,Home Loan,2600000,1072082.67,42775.75,2026-07-02,28,26,OVERDUE
LN7071,CUST1098,Gold Loan,356000,102715.72,5988.53,2026-07-24,6,18,OVERDUE
LN7072,CUST1098,Consumer Durable Loan,43000,0.0,747.27,2026-08-13,0,0,CLOSED
LN7073,CUST1099,Gold Loan,475000,280297.05,11005.7,2026-05-18,73,26,OVERDUE
LN7074,CUST1100,Gold Loan,351000,160724.34,7879.81,2026-05-22,69,21,OVERDUE
LN7075,CUST1100,Business Loan,202000,156503.3,3545.67,2026-04-22,99,45,OVERDUE
LN7076,CUST1103,Home Loan,5850000,4079602.73,112701.1,2026-06-23,37,37,OVERDUE
LN7077,CUST1105,Gold Loan,460000,246249.66,8260.28,2026-05-01,90,30,OVERDUE
LN7078,CUST1106,Business Loan,68000,0.0,1680.74,2026-08-06,0,0,CLOSED
LN7079,CUST1107,Business Loan,127000,79553.06,2890.41,2026-07-20,10,28,OVERDUE
LN7080,CUST1107,Consumer Durable Loan,415000,236821.99,6854.85,2026-07-15,15,35,OVERDUE
LN7081,CUST1108,Business Loan,215000,136651.06,5368.93,2026-07-03,27,26,OVERDUE
LN7082,CUST1109,Auto Loan,1731000,1008703.87,40561.46,2026-05-20,71,25,OVERDUE
